<?xml version="1.0" encoding="UTF-8" ?>
<!DOCTYPE tiles-definitions PUBLIC
       "-//Apache Software Foundation//DTD Tiles Configuration 3.0//EN"
       "http://tiles.apache.org/dtds/tiles-config_3_0.dtd">
<tiles-definitions>

	<definition name="homeAdmin" template="/WEB-INF/jsp/welcome.jsp">
		<put-attribute name="content" value="/WEB-INF/jsp/Hello.jsp" />
		<put-attribute name="leftNav" value="/WEB-INF/jsp/admin.jsp" />
	</definition>

	<definition name="homeDBA" template="/WEB-INF/jsp/welcome.jsp">
		<put-attribute name="content" value="/WEB-INF/jsp/Hello.jsp" />
		<put-attribute name="leftNav" value="/WEB-INF/jsp/database.jsp" />
	</definition>

	<definition name="homeUser" template="/WEB-INF/jsp/welcome.jsp">
		<put-attribute name="content" value="/WEB-INF/jsp/Hello.jsp" />
		<put-attribute name="leftNav" value="/WEB-INF/jsp/user.jsp" />
	</definition>

	<definition name="login" template="/WEB-INF/jsp/empty.jsp">
		<put-attribute name="content" value="/WEB-INF/jsp/login.jsp" />
	</definition>

	<definition name="welcome" template="/WEB-INF/jsp/welcome.jsp">
		<put-attribute name="content" value="/WEB-INF/jsp/Hello.jsp" />
	</definition>

	<definition name="403" template="/WEB-INF/jsp/welcome.jsp">
		<put-attribute name="content" value="/WEB-INF/jsp/403.jsp" />
	</definition>


	<definition name="admin" template="/WEB-INF/jsp/welcome.jsp">
		<put-attribute name="content" value="/WEB-INF/jsp/admin.jsp" />
		<put-attribute name="leftNav" value="/WEB-INF/jsp/admin.jsp" />

	</definition>

<!-- Admin - Account -->

	<definition name="listUser" template="/WEB-INF/jsp/welcome.jsp">
		<put-attribute name="content" value="/WEB-INF/jsp/admin/account/listUser.jsp" />
		<put-attribute name="leftNav" value="/WEB-INF/jsp/admin.jsp" />
	</definition>

	<definition name="addUser" template="/WEB-INF/jsp/welcome.jsp">
		<put-attribute name="content" value="/WEB-INF/jsp/admin/account/addUser.jsp" />
		<put-attribute name="leftNav" value="/WEB-INF/jsp/admin.jsp" />
	</definition>

	<definition name="editUser" template="/WEB-INF/jsp/welcome.jsp">
		<put-attribute name="content" value="/WEB-INF/jsp/admin/account/editUser.jsp" />
		<put-attribute name="leftNav" value="/WEB-INF/jsp/admin.jsp" />
	</definition>

<!-- Admin - Courses -->

	<definition name="category" template="/WEB-INF/jsp/welcome.jsp">
		<put-attribute name="content" value="/WEB-INF/jsp/admin/courses/category.jsp" />
		<put-attribute name="leftNav" value="/WEB-INF/jsp/admin.jsp" />
	</definition>
	
	<definition name="addCourse" template="/WEB-INF/jsp/welcome.jsp">
		<put-attribute name="content" value="/WEB-INF/jsp/admin/courses/addCourse.jsp" />
		<put-attribute name="leftNav" value="/WEB-INF/jsp/admin.jsp" />
	</definition>
	
	<definition name="editCourse" template="/WEB-INF/jsp/welcome.jsp">
		<put-attribute name="content" value="/WEB-INF/jsp/admin/courses/editCourse.jsp" />
		<put-attribute name="leftNav" value="/WEB-INF/jsp/admin.jsp" />
	</definition>

<!-- Admin - Questions & Answers-->

	<definition name="listQuiz" template="/WEB-INF/jsp/welcome.jsp">
		<put-attribute name="content" value="/WEB-INF/jsp/admin/questions/listQuiz.jsp" />
		<put-attribute name="leftNav" value="/WEB-INF/jsp/admin.jsp" />
	</definition>
	
	<definition name="addQuiz" template="/WEB-INF/jsp/welcome.jsp">
		<put-attribute name="content" value="/WEB-INF/jsp/admin/questions/addQuiz.jsp" />
		<put-attribute name="leftNav" value="/WEB-INF/jsp/admin.jsp" />
	</definition>
	
	<definition name="editQuiz" template="/WEB-INF/jsp/welcome.jsp">
		<put-attribute name="content" value="/WEB-INF/jsp/admin/questions/editQuiz.jsp" />
		<put-attribute name="leftNav" value="/WEB-INF/jsp/admin.jsp" />
	</definition>
	
	<definition name="listAnswer" template="/WEB-INF/jsp/welcome.jsp">
		<put-attribute name="content" value="/WEB-INF/jsp/admin/questions/listAnswer.jsp" />
		<put-attribute name="leftNav" value="/WEB-INF/jsp/admin.jsp" />
	</definition>
	
	<definition name="addAnswer" template="/WEB-INF/jsp/welcome.jsp">
		<put-attribute name="content" value="/WEB-INF/jsp/admin/questions/addAnswer.jsp" />
		<put-attribute name="leftNav" value="/WEB-INF/jsp/admin.jsp" />
	</definition>
	
	<definition name="editAnswer" template="/WEB-INF/jsp/welcome.jsp">
		<put-attribute name="content" value="/WEB-INF/jsp/admin/questions/editAnswer.jsp" />
		<put-attribute name="leftNav" value="/WEB-INF/jsp/admin.jsp" />
	</definition>

<!-- Admin - Exams -->

	<definition name="listExam" template="/WEB-INF/jsp/welcome.jsp">
		<put-attribute name="content" value="/WEB-INF/jsp/admin/exams/listExam.jsp" />
		<put-attribute name="leftNav" value="/WEB-INF/jsp/admin.jsp" />
	</definition>
	
	<definition name="addExam" template="/WEB-INF/jsp/welcome.jsp">
		<put-attribute name="content" value="/WEB-INF/jsp/admin/exams/addExam.jsp" />
		<put-attribute name="leftNav" value="/WEB-INF/jsp/admin.jsp" />
	</definition>
	
	<definition name="editExam" template="/WEB-INF/jsp/welcome.jsp">
		<put-attribute name="content" value="/WEB-INF/jsp/admin/exams/editExam.jsp" />
		<put-attribute name="leftNav" value="/WEB-INF/jsp/admin.jsp" />
	</definition>
	
	<definition name="viewExam" template="/WEB-INF/jsp/welcome.jsp">
		<put-attribute name="content" value="/WEB-INF/jsp/admin/exams/viewExam.jsp" />
		<put-attribute name="leftNav" value="/WEB-INF/jsp/admin.jsp" />
	</definition>
	
	<definition name="insertQuiz" template="/WEB-INF/jsp/welcome.jsp">
		<put-attribute name="content" value="/WEB-INF/jsp/admin/exams/insertQuiz.jsp" />
		<put-attribute name="leftNav" value="/WEB-INF/jsp/admin.jsp" />
	</definition>
	
	
<!-- User	 -->

	<definition name="listResultExam" template="/WEB-INF/jsp/welcome.jsp">
		<put-attribute name="content" value="/WEB-INF/jsp/user/results/listResultExam.jsp" />
		<put-attribute name="leftNav" value="/WEB-INF/jsp/user.jsp" />
	</definition>
	
	<definition name="choiceExam" template="/WEB-INF/jsp/welcome.jsp">
		<put-attribute name="content" value="/WEB-INF/jsp/user/doexams/choiceExam.jsp" />
		<put-attribute name="leftNav" value="/WEB-INF/jsp/user.jsp" />
	</definition>
	
	<definition name="startExam" template="/WEB-INF/jsp/welcome.jsp">
		<put-attribute name="content" value="/WEB-INF/jsp/user/doexams/startExam.jsp" />
		<put-attribute name="leftNav" value="/WEB-INF/jsp/user.jsp" />
	</definition>
	
	<definition name="reviewExam" template="/WEB-INF/jsp/welcome.jsp">
		<put-attribute name="content" value="/WEB-INF/jsp/user/doexams/reviewExam.jsp" />
		<put-attribute name="leftNav" value="/WEB-INF/jsp/user.jsp" />
	</definition>

</tiles-definitions>