<?xml version="1.0" encoding="UTF-8"?>
<!DOCTYPE hibernate-configuration PUBLIC "-//Hibernate/Hibernate Configuration DTD 3.0//EN"
                                         "http://www.hibernate.org/dtd/hibernate-configuration-3.0.dtd">
<hibernate-configuration>
 <session-factory>
  <mapping class="midexam.entities.Answer"/>
  <mapping class="midexam.entities.Category"/>
  <mapping class="midexam.entities.Exam"/>
  <mapping class="midexam.entities.ExamItem"/>
  <mapping class="midexam.entities.Quiz"/>
  <mapping class="midexam.entities.Result"/>
  <mapping class="midexam.entities.Review"/>
  <mapping class="midexam.entities.User"/>
  <mapping class="midexam.entities.UserRole"/>
 </session-factory>
</hibernate-configuration>
